,0
0,..\Repos\Repos\abhijitparida_bunk\app\build.gradle
1,..\Repos\Repos\abhijitparida_bunk\app\build.gradle
2,..\Repos\Repos\adithya321_Shares-Analytics\app\build.gradle
3,..\Repos\Repos\adithya321_Shares-Analytics\app\build.gradle
4,..\Repos\Repos\adriankeenan_uob-timetable-android\app\uob-timetable\build.gradle
5,..\Repos\Repos\adriankeenan_uob-timetable-android\app\uob-timetable\build.gradle
6,..\Repos\Repos\airstep_tubik\mobile\build.gradle
7,..\Repos\Repos\airstep_tubik\mobile\build.gradle
8,..\Repos\Repos\airstep_tubik\mobile\build.gradle
9,..\Repos\Repos\airstep_tubik\mobile\build.gradle
10,..\Repos\Repos\akihito104_UdonRoad\app\build.gradle
11,..\Repos\Repos\akihito104_UdonRoad\app\build.gradle
12,..\Repos\Repos\albertogiunta_justintrain-client-android\app\build.gradle
13,..\Repos\Repos\albertogiunta_justintrain-client-android\app\build.gradle
14,..\Repos\Repos\alsash_reciper\app\build.gradle
15,..\Repos\Repos\alsash_reciper\app\build.gradle
16,..\Repos\Repos\andela-shassan_ArtiSpective\app\build.gradle
17,..\Repos\Repos\andela-shassan_ArtiSpective\app\build.gradle
18,..\Repos\Repos\andreynovikov_maptrek\app\build.gradle
19,..\Repos\Repos\andreynovikov_maptrek\app\build.gradle
20,..\Repos\Repos\andreynovikov_maptrek\app\build.gradle
21,..\Repos\Repos\AnimeNeko_Atarashii\Atarashii\build.gradle
22,..\Repos\Repos\AnimeNeko_Atarashii\Atarashii\build.gradle
23,..\Repos\Repos\AnimeNeko_Atarashii\Atarashii\build.gradle
24,..\Repos\Repos\AnimeNeko_Atarashii\Atarashii\build.gradle
25,..\Repos\Repos\Antox_Antox\app\build.gradle
26,..\Repos\Repos\Antox_Antox\app\build.gradle
27,..\Repos\Repos\ApplETS_ETSMobile-Android2\app\build.gradle
28,..\Repos\Repos\ApplETS_ETSMobile-Android2\app\build.gradle
29,..\Repos\Repos\ApplETS_ETSMobile-Android2\app\build.gradle
30,..\Repos\Repos\appteam-nith_Hillffair\app\build.gradle
31,..\Repos\Repos\appteam-nith_Hillffair\app\build.gradle
32,..\Repos\Repos\Arkanayan_BuieConnect-Android\app\build.gradle
33,..\Repos\Repos\Arkanayan_BuieConnect-Android\app\build.gradle
34,..\Repos\Repos\Art2Cat_MoonlightNote\app\build.gradle
35,..\Repos\Repos\Art2Cat_MoonlightNote\app\build.gradle
36,..\Repos\Repos\Ayuget_Redface\app\build.gradle
37,..\Repos\Repos\Ayuget_Redface\app\build.gradle
38,..\Repos\Repos\azizbekian_MoviesTraktTv\app\build.gradle
39,..\Repos\Repos\azizbekian_MoviesTraktTv\app\build.gradle
40,..\Repos\Repos\belng_pure\android\app\build.gradle
41,..\Repos\Repos\belng_pure\android\app\build.gradle
42,..\Repos\Repos\benjy3gg_GiffyDream\app\build.gradle
43,..\Repos\Repos\benjy3gg_GiffyDream\app\build.gradle
44,..\Repos\Repos\berict_Tapad\app\build.gradle
45,..\Repos\Repos\berict_Tapad\app\build.gradle
46,..\Repos\Repos\BioStar2_BioStar2Android\BioStar2Android\BioStar2ApiSDK\build.gradle
47,..\Repos\Repos\BioStar2_BioStar2Android\BioStar2Android\BioStar2ApiSDK\build.gradle
48,..\Repos\Repos\BioStar2_BioStar2Android\BioStar2Android\BioStar2ApiSDK\build.gradle
49,..\Repos\Repos\bkosawa_android-app-recommendation\app\build.gradle
50,..\Repos\Repos\bkosawa_android-app-recommendation\app\build.gradle
51,..\Repos\Repos\bukhmastov_CDOITMO\app\build.gradle
52,..\Repos\Repos\bukhmastov_CDOITMO\app\build.gradle
53,..\Repos\Repos\cattaka_AndroidSnippets\example\build.gradle
54,..\Repos\Repos\cattaka_AndroidSnippets\example\build.gradle
55,..\Repos\Repos\cattaka_AndroidSnippets\example\build.gradle
56,..\Repos\Repos\ccjeng_TPTrash\app\build.gradle
57,..\Repos\Repos\ccjeng_TPTrash\app\build.gradle
58,..\Repos\Repos\ccrama_Slide\app\build.gradle
59,..\Repos\Repos\ccrama_Slide\app\build.gradle
60,..\Repos\Repos\chaitanyanettem_SearchforReddit\app\build.gradle
61,..\Repos\Repos\chaitanyanettem_SearchforReddit\app\build.gradle
62,..\Repos\Repos\charlesmadere_that-lil-hummingbird\project\app\build.gradle
63,..\Repos\Repos\charlesmadere_that-lil-hummingbird\project\app\build.gradle
64,..\Repos\Repos\chenjishi_ITNews\ITNews\app\build.gradle
65,..\Repos\Repos\chenjishi_ITNews\ITNews\app\build.gradle
66,..\Repos\Repos\ChristopherGittner_OSMBugs\app\build.gradle
67,..\Repos\Repos\ChristopherGittner_OSMBugs\app\build.gradle
68,..\Repos\Repos\connectordb_connectordb-android\android\app\build.gradle
69,..\Repos\Repos\connectordb_connectordb-android\android\app\build.gradle
70,..\Repos\Repos\crazyhitty_Munch\app\build.gradle
71,..\Repos\Repos\crazyhitty_Munch\app\build.gradle
72,..\Repos\Repos\crazyhitty_Munch\app\build.gradle
73,..\Repos\Repos\crazyhitty_Munch\app\build.gradle
74,..\Repos\Repos\cuongnd_banhangonline88_joomla\app_window\bho-android-master\core\build.gradle
75,..\Repos\Repos\cuongnd_banhangonline88_joomla\app_window\bho-android-master\core\build.gradle
76,..\Repos\Repos\cuongnd_banhangonline88_joomla\app_window\bho-android-master\core\build.gradle
77,..\Repos\Repos\cuongnd_banhangonline88_joomla\app_window\bho-android-master\core\build.gradle
78,..\Repos\Repos\cuongnd_banhangonline88_joomla\app_window\bho-android-master\core\build.gradle
79,..\Repos\Repos\cuongnd_banhangonline88_joomla\app_window\bho-android-master\core\build.gradle
80,..\Repos\Repos\cuongnd_banhangonline88_joomla\app_window\bho-android-master\core\build.gradle
81,..\Repos\Repos\cuongnd_banhangonline88_joomla\app_window\bho-android-master\core\build.gradle
82,..\Repos\Repos\cuongnd_banhangonline88_joomla\app_window\bho-android-master\core\build.gradle
83,..\Repos\Repos\DiabHelp_DiabHelp-App-Android\Diabhelp\app\build.gradle
84,..\Repos\Repos\DiabHelp_DiabHelp-App-Android\Diabhelp\app\build.gradle
85,..\Repos\Repos\ellis2323_WatchDesigner\mobile\build.gradle
86,..\Repos\Repos\ellis2323_WatchDesigner\mobile\build.gradle
87,..\Repos\Repos\ellis2323_WatchDesigner\mobile\build.gradle
88,..\Repos\Repos\ellis2323_WatchDesigner\mobile\build.gradle
89,..\Repos\Repos\eman-1111_EasyA\app\build.gradle
90,..\Repos\Repos\eman-1111_EasyA\app\build.gradle
91,..\Repos\Repos\emanuelet_Trove\app\build.gradle
92,..\Repos\Repos\emanuelet_Trove\app\build.gradle
93,..\Repos\Repos\erdemolkun_instant-rates\app\build.gradle
94,..\Repos\Repos\erdemolkun_instant-rates\app\build.gradle
95,..\Repos\Repos\erdemolkun_instant-rates\app\build.gradle
96,..\Repos\Repos\evercam_evercam-android\evercamPlay\build.gradle
97,..\Repos\Repos\evercam_evercam-android\evercamPlay\build.gradle
98,..\Repos\Repos\expo_expo\android\app\build.gradle
99,..\Repos\Repos\expo_expo\android\app\build.gradle
100,..\Repos\Repos\expo_expo\android\app\build.gradle
101,..\Repos\Repos\expo_expo\android\app\build.gradle
102,..\Repos\Repos\expo_expo\android\app\build.gradle
103,..\Repos\Repos\expo_expo\android\app\build.gradle
104,..\Repos\Repos\expo_expo\android\app\build.gradle
105,..\Repos\Repos\expo_expo\android\app\build.gradle
106,..\Repos\Repos\expo_expo\android\app\build.gradle
107,..\Repos\Repos\expo_expo\android\app\build.gradle
108,..\Repos\Repos\expo_expo\android\app\build.gradle
109,..\Repos\Repos\expo_expo\android\app\build.gradle
110,..\Repos\Repos\expo_expo\android\app\build.gradle
111,..\Repos\Repos\expo_expo\android\app\build.gradle
112,..\Repos\Repos\expo_expo\android\app\build.gradle
113,..\Repos\Repos\expo_expo\android\app\build.gradle
114,..\Repos\Repos\expo_expo\android\app\build.gradle
115,..\Repos\Repos\expo_expo\android\app\build.gradle
116,..\Repos\Repos\expo_expo\android\app\build.gradle
117,..\Repos\Repos\expo_expo\android\app\build.gradle
118,..\Repos\Repos\expo_expo\android\app\build.gradle
119,..\Repos\Repos\expo_expo\android\app\build.gradle
120,..\Repos\Repos\expo_expo\android\app\build.gradle
121,..\Repos\Repos\expo_expo\android\app\build.gradle
122,..\Repos\Repos\expo_expo\android\app\build.gradle
123,..\Repos\Repos\expo_expo\android\app\build.gradle
124,..\Repos\Repos\expo_expo\android\app\build.gradle
125,..\Repos\Repos\expo_expo\android\app\build.gradle
126,..\Repos\Repos\expo_expo\android\app\build.gradle
127,..\Repos\Repos\expo_expo\android\app\build.gradle
128,..\Repos\Repos\expo_expo\android\app\build.gradle
129,..\Repos\Repos\expo_expo\android\app\build.gradle
130,..\Repos\Repos\expo_expo\android\app\build.gradle
131,..\Repos\Repos\expo_expo\android\app\build.gradle
132,..\Repos\Repos\expo_expo\android\app\build.gradle
133,..\Repos\Repos\expo_expo\android\app\build.gradle
134,..\Repos\Repos\expo_expo\android\app\build.gradle
135,..\Repos\Repos\expo_expo\android\app\build.gradle
136,..\Repos\Repos\expo_expo\android\app\build.gradle
137,..\Repos\Repos\expo_expo\android\app\build.gradle
138,..\Repos\Repos\expo_expo\android\app\build.gradle
139,..\Repos\Repos\expo_expo\android\app\build.gradle
140,..\Repos\Repos\expo_expo\android\app\build.gradle
141,..\Repos\Repos\expo_expo\android\app\build.gradle
142,..\Repos\Repos\expo_expo\android\app\build.gradle
143,..\Repos\Repos\expo_expo\android\app\build.gradle
144,..\Repos\Repos\expo_expo\android\app\build.gradle
145,..\Repos\Repos\expo_expo\android\app\build.gradle
146,..\Repos\Repos\expo_expo\android\app\build.gradle
147,..\Repos\Repos\expo_expo\android\app\build.gradle
148,..\Repos\Repos\expo_expo\android\app\build.gradle
149,..\Repos\Repos\expo_expo\android\app\build.gradle
150,..\Repos\Repos\expo_expo\android\app\build.gradle
151,..\Repos\Repos\expo_expo\android\app\build.gradle
152,..\Repos\Repos\expo_expo\android\app\build.gradle
153,..\Repos\Repos\expo_expo\android\app\build.gradle
154,..\Repos\Repos\expo_expo\android\app\build.gradle
155,..\Repos\Repos\expo_expo\android\app\build.gradle
156,..\Repos\Repos\expo_expo\android\app\build.gradle
157,..\Repos\Repos\expo_expo\android\app\build.gradle
158,..\Repos\Repos\expo_expo\android\app\build.gradle
159,..\Repos\Repos\expo_expo\android\app\build.gradle
160,..\Repos\Repos\expo_expo\android\app\build.gradle
161,..\Repos\Repos\expo_expo\android\app\build.gradle
162,..\Repos\Repos\expo_expo\android\app\build.gradle
163,..\Repos\Repos\expo_expo\android\app\build.gradle
164,..\Repos\Repos\expo_expo\android\app\build.gradle
165,..\Repos\Repos\expo_expo\android\app\build.gradle
166,..\Repos\Repos\expo_expo\android\app\build.gradle
167,..\Repos\Repos\expo_expo\android\app\build.gradle
168,..\Repos\Repos\expo_expo\android\app\build.gradle
169,..\Repos\Repos\expo_expo\android\app\build.gradle
170,..\Repos\Repos\expo_expo\android\app\build.gradle
171,..\Repos\Repos\expo_expo\android\app\build.gradle
172,..\Repos\Repos\expo_expo\android\app\build.gradle
173,..\Repos\Repos\expo_expo\android\app\build.gradle
174,..\Repos\Repos\expo_expo\android\app\build.gradle
175,..\Repos\Repos\expo_expo\android\app\build.gradle
176,..\Repos\Repos\expo_expo\android\app\build.gradle
177,..\Repos\Repos\expo_expo\android\app\build.gradle
178,..\Repos\Repos\expo_expo\android\ReactAndroid\build.gradle
179,..\Repos\Repos\expo_expo\android\ReactAndroid\build.gradle
180,..\Repos\Repos\expo_expo\android\ReactAndroid\build.gradle
181,..\Repos\Repos\expo_expo\android\ReactAndroid\build.gradle
182,..\Repos\Repos\expo_expo\android\ReactAndroid\build.gradle
183,..\Repos\Repos\expo_expo\android\ReactAndroid\build.gradle
184,..\Repos\Repos\expo_expo\android\ReactAndroid\build.gradle
185,..\Repos\Repos\expo_expo\android\ReactAndroid\build.gradle
186,..\Repos\Repos\expo_expo\android\ReactAndroid\build.gradle
187,..\Repos\Repos\expo_expo\android\ReactAndroid\build.gradle
188,..\Repos\Repos\expo_expo\android\ReactAndroid\build.gradle
189,..\Repos\Repos\expo_expo\android\ReactAndroid\build.gradle
190,..\Repos\Repos\expo_expo\android\ReactAndroid\build.gradle
191,..\Repos\Repos\expo_expo\android\ReactAndroid\build.gradle
192,..\Repos\Repos\expo_expo\android\ReactAndroid\build.gradle
193,..\Repos\Repos\expo_expo\android\ReactAndroid\build.gradle
194,..\Repos\Repos\expo_expo\android\ReactAndroid\build.gradle
195,..\Repos\Repos\expo_expo\android\ReactAndroid\build.gradle
196,..\Repos\Repos\expo_expo\android\ReactAndroid\build.gradle
197,..\Repos\Repos\expo_expo\android\ReactAndroid\build.gradle
198,..\Repos\Repos\expo_expo\android\ReactAndroid\build.gradle
199,..\Repos\Repos\expo_expo\android\ReactAndroid\build.gradle
200,..\Repos\Repos\expo_expo\android\ReactAndroid\build.gradle
201,..\Repos\Repos\expo_expo\android\ReactAndroid\build.gradle
202,..\Repos\Repos\expo_expo\android\ReactAndroid\build.gradle
203,..\Repos\Repos\expo_expo\android\ReactAndroid\build.gradle
204,..\Repos\Repos\expo_expo\android\ReactAndroid\build.gradle
205,..\Repos\Repos\expo_expo\android\ReactAndroid\build.gradle
206,..\Repos\Repos\expo_expo\android\ReactAndroid\build.gradle
207,..\Repos\Repos\expo_expo\android\ReactAndroid\build.gradle
208,..\Repos\Repos\expo_expo\android\ReactAndroid\build.gradle
209,..\Repos\Repos\expo_expo\android\ReactAndroid\build.gradle
210,..\Repos\Repos\expo_expo\android\ReactAndroid\build.gradle
211,..\Repos\Repos\expo_expo\android\ReactAndroid\build.gradle
212,..\Repos\Repos\expo_expo\android\ReactAndroid\build.gradle
213,..\Repos\Repos\expo_expo\android\ReactAndroid\build.gradle
214,..\Repos\Repos\expo_expo\android\ReactAndroid\build.gradle
215,..\Repos\Repos\expo_expo\android\ReactAndroid\build.gradle
216,..\Repos\Repos\expo_expo\android\ReactAndroid\build.gradle
217,..\Repos\Repos\expo_expo\android\ReactAndroid\build.gradle
218,..\Repos\Repos\expo_expo\android\ReactAndroid\build.gradle
219,..\Repos\Repos\expo_expo\android\ReactAndroid\build.gradle
220,..\Repos\Repos\expo_expo\android\ReactAndroid\build.gradle
221,..\Repos\Repos\expo_expo\android\ReactAndroid\build.gradle
222,..\Repos\Repos\expo_expo\android\ReactAndroid\build.gradle
223,..\Repos\Repos\expo_expo\android\ReactAndroid\build.gradle
224,..\Repos\Repos\expo_expo\android\ReactAndroid\build.gradle
225,..\Repos\Repos\expo_expo\android\ReactAndroid\build.gradle
226,..\Repos\Repos\expo_expo\android\ReactAndroid\build.gradle
227,..\Repos\Repos\expo_expo\android\ReactAndroid\build.gradle
228,..\Repos\Repos\expo_expo\android\ReactAndroid\build.gradle
229,..\Repos\Repos\expo_expo\android\ReactAndroid\build.gradle
230,..\Repos\Repos\expo_expo\android\ReactAndroid\build.gradle
231,..\Repos\Repos\expo_expo\android\ReactAndroid\build.gradle
232,..\Repos\Repos\expo_expo\android\ReactAndroid\build.gradle
233,..\Repos\Repos\expo_expo\android\ReactAndroid\build.gradle
234,..\Repos\Repos\expo_expo\android\ReactAndroid\build.gradle
235,..\Repos\Repos\expo_expo\android\ReactAndroid\build.gradle
236,..\Repos\Repos\expo_expo\android\ReactAndroid\build.gradle
237,..\Repos\Repos\expo_expo\android\ReactAndroid\build.gradle
238,..\Repos\Repos\expo_expo\android\ReactAndroid\build.gradle
239,..\Repos\Repos\expo_expo\android\ReactAndroid\build.gradle
240,..\Repos\Repos\expo_expo\android\ReactAndroid\build.gradle
241,..\Repos\Repos\expo_expo\android\ReactAndroid\build.gradle
242,..\Repos\Repos\expo_expo\android\ReactAndroid\build.gradle
243,..\Repos\Repos\expo_expo\android\ReactAndroid\build.gradle
244,..\Repos\Repos\expo_expo\android\ReactAndroid\build.gradle
245,..\Repos\Repos\expo_expo\android\ReactAndroid\build.gradle
246,..\Repos\Repos\expo_expo\android\ReactAndroid\build.gradle
247,..\Repos\Repos\expo_expo\android\ReactAndroid\build.gradle
248,..\Repos\Repos\expo_expo\android\ReactAndroid\build.gradle
249,..\Repos\Repos\expo_expo\android\ReactAndroid\build.gradle
250,..\Repos\Repos\expo_expo\android\ReactAndroid\build.gradle
251,..\Repos\Repos\expo_expo\android\ReactAndroid\build.gradle
252,..\Repos\Repos\expo_expo\android\ReactAndroid\build.gradle
253,..\Repos\Repos\expo_expo\android\ReactAndroid\build.gradle
254,..\Repos\Repos\expo_expo\android\ReactAndroid\build.gradle
255,..\Repos\Repos\expo_expo\android\ReactAndroid\build.gradle
256,..\Repos\Repos\expo_expo\android\ReactAndroid\build.gradle
257,..\Repos\Repos\expo_expo\android\ReactAndroid\build.gradle
258,..\Repos\Repos\expo_expo\android\versioned-abis\expoview-abi31_0_0\build.gradle
259,..\Repos\Repos\expo_expo\android\versioned-abis\expoview-abi31_0_0\build.gradle
260,..\Repos\Repos\expo_expo\android\versioned-abis\expoview-abi31_0_0\build.gradle
261,..\Repos\Repos\expo_expo\android\versioned-abis\expoview-abi31_0_0\build.gradle
262,..\Repos\Repos\expo_expo\android\versioned-abis\expoview-abi31_0_0\build.gradle
263,..\Repos\Repos\expo_expo\android\versioned-abis\expoview-abi31_0_0\build.gradle
264,..\Repos\Repos\expo_expo\android\versioned-abis\expoview-abi31_0_0\build.gradle
265,..\Repos\Repos\expo_expo\android\versioned-abis\expoview-abi31_0_0\build.gradle
266,..\Repos\Repos\expo_expo\android\versioned-abis\expoview-abi31_0_0\build.gradle
267,..\Repos\Repos\expo_expo\android\versioned-abis\expoview-abi31_0_0\build.gradle
268,..\Repos\Repos\expo_expo\android\versioned-abis\expoview-abi31_0_0\build.gradle
269,..\Repos\Repos\expo_expo\android\versioned-abis\expoview-abi31_0_0\build.gradle
270,..\Repos\Repos\expo_expo\android\versioned-abis\expoview-abi31_0_0\build.gradle
271,..\Repos\Repos\expo_expo\android\versioned-abis\expoview-abi31_0_0\build.gradle
272,..\Repos\Repos\expo_expo\android\versioned-abis\expoview-abi31_0_0\build.gradle
273,..\Repos\Repos\expo_expo\android\versioned-abis\expoview-abi31_0_0\build.gradle
274,..\Repos\Repos\expo_expo\android\versioned-abis\expoview-abi31_0_0\build.gradle
275,..\Repos\Repos\expo_expo\android\versioned-abis\expoview-abi31_0_0\build.gradle
276,..\Repos\Repos\expo_expo\android\versioned-abis\expoview-abi31_0_0\build.gradle
277,..\Repos\Repos\expo_expo\android\versioned-abis\expoview-abi31_0_0\build.gradle
278,..\Repos\Repos\expo_expo\android\versioned-abis\expoview-abi31_0_0\build.gradle
279,..\Repos\Repos\expo_expo\android\versioned-abis\expoview-abi31_0_0\build.gradle
280,..\Repos\Repos\expo_expo\android\versioned-abis\expoview-abi31_0_0\build.gradle
281,..\Repos\Repos\expo_expo\android\versioned-abis\expoview-abi31_0_0\build.gradle
282,..\Repos\Repos\expo_expo\android\versioned-abis\expoview-abi31_0_0\build.gradle
283,..\Repos\Repos\expo_expo\android\versioned-abis\expoview-abi31_0_0\build.gradle
284,..\Repos\Repos\expo_expo\android\versioned-abis\expoview-abi31_0_0\build.gradle
285,..\Repos\Repos\expo_expo\android\versioned-abis\expoview-abi31_0_0\build.gradle
286,..\Repos\Repos\expo_expo\android\versioned-abis\expoview-abi31_0_0\build.gradle
287,..\Repos\Repos\expo_expo\android\versioned-abis\expoview-abi31_0_0\build.gradle
288,..\Repos\Repos\expo_expo\android\versioned-abis\expoview-abi31_0_0\build.gradle
289,..\Repos\Repos\expo_expo\android\versioned-abis\expoview-abi31_0_0\build.gradle
290,..\Repos\Repos\expo_expo\android\versioned-abis\expoview-abi31_0_0\build.gradle
291,..\Repos\Repos\expo_expo\android\versioned-abis\expoview-abi31_0_0\build.gradle
292,..\Repos\Repos\expo_expo\android\versioned-abis\expoview-abi31_0_0\build.gradle
293,..\Repos\Repos\expo_expo\android\versioned-abis\expoview-abi31_0_0\build.gradle
294,..\Repos\Repos\expo_expo\android\versioned-abis\expoview-abi31_0_0\build.gradle
295,..\Repos\Repos\expo_expo\android\versioned-abis\expoview-abi31_0_0\build.gradle
296,..\Repos\Repos\expo_expo\android\versioned-abis\expoview-abi31_0_0\build.gradle
297,..\Repos\Repos\expo_expo\android\versioned-abis\expoview-abi31_0_0\build.gradle
298,..\Repos\Repos\expo_expo\android\versioned-abis\expoview-abi31_0_0\build.gradle
299,..\Repos\Repos\expo_expo\android\versioned-abis\expoview-abi31_0_0\build.gradle
300,..\Repos\Repos\expo_expo\android\versioned-abis\expoview-abi31_0_0\build.gradle
301,..\Repos\Repos\expo_expo\android\versioned-abis\expoview-abi31_0_0\build.gradle
302,..\Repos\Repos\expo_expo\android\versioned-abis\expoview-abi31_0_0\build.gradle
303,..\Repos\Repos\expo_expo\android\versioned-abis\expoview-abi31_0_0\build.gradle
304,..\Repos\Repos\expo_expo\android\versioned-abis\expoview-abi31_0_0\build.gradle
305,..\Repos\Repos\expo_expo\android\versioned-abis\expoview-abi31_0_0\build.gradle
306,..\Repos\Repos\expo_expo\android\versioned-abis\expoview-abi31_0_0\build.gradle
307,..\Repos\Repos\expo_expo\android\versioned-abis\expoview-abi31_0_0\build.gradle
308,..\Repos\Repos\expo_expo\android\versioned-abis\expoview-abi31_0_0\build.gradle
309,..\Repos\Repos\expo_expo\android\versioned-abis\expoview-abi31_0_0\build.gradle
310,..\Repos\Repos\expo_expo\android\versioned-abis\expoview-abi31_0_0\build.gradle
311,..\Repos\Repos\expo_expo\android\versioned-abis\expoview-abi31_0_0\build.gradle
312,..\Repos\Repos\expo_expo\android\versioned-abis\expoview-abi31_0_0\build.gradle
313,..\Repos\Repos\expo_expo\android\versioned-abis\expoview-abi31_0_0\build.gradle
314,..\Repos\Repos\expo_expo\android\versioned-abis\expoview-abi31_0_0\build.gradle
315,..\Repos\Repos\expo_expo\android\versioned-abis\expoview-abi31_0_0\build.gradle
316,..\Repos\Repos\expo_expo\android\versioned-abis\expoview-abi31_0_0\build.gradle
317,..\Repos\Repos\expo_expo\android\versioned-abis\expoview-abi31_0_0\build.gradle
318,..\Repos\Repos\expo_expo\android\versioned-abis\expoview-abi31_0_0\build.gradle
319,..\Repos\Repos\expo_expo\android\versioned-abis\expoview-abi31_0_0\build.gradle
320,..\Repos\Repos\expo_expo\android\versioned-abis\expoview-abi31_0_0\build.gradle
321,..\Repos\Repos\expo_expo\android\versioned-abis\expoview-abi31_0_0\build.gradle
322,..\Repos\Repos\expo_expo\android\versioned-abis\expoview-abi31_0_0\build.gradle
323,..\Repos\Repos\expo_expo\android\versioned-abis\expoview-abi31_0_0\build.gradle
324,..\Repos\Repos\expo_expo\android\versioned-abis\expoview-abi31_0_0\build.gradle
325,..\Repos\Repos\expo_expo\android\versioned-abis\expoview-abi31_0_0\build.gradle
326,..\Repos\Repos\expo_expo\android\versioned-abis\expoview-abi31_0_0\build.gradle
327,..\Repos\Repos\expo_expo\android\versioned-abis\expoview-abi31_0_0\build.gradle
328,..\Repos\Repos\expo_expo\android\versioned-abis\expoview-abi31_0_0\build.gradle
329,..\Repos\Repos\expo_expo\android\versioned-abis\expoview-abi31_0_0\build.gradle
330,..\Repos\Repos\expo_expo\android\versioned-abis\expoview-abi31_0_0\build.gradle
331,..\Repos\Repos\expo_expo\android\versioned-abis\expoview-abi31_0_0\build.gradle
332,..\Repos\Repos\expo_expo\android\versioned-abis\expoview-abi31_0_0\build.gradle
333,..\Repos\Repos\expo_expo\android\versioned-abis\expoview-abi31_0_0\build.gradle
334,..\Repos\Repos\expo_expo\android\versioned-abis\expoview-abi31_0_0\build.gradle
335,..\Repos\Repos\expo_expo\android\versioned-abis\expoview-abi31_0_0\build.gradle
336,..\Repos\Repos\expo_expo\android\versioned-abis\expoview-abi31_0_0\build.gradle
337,..\Repos\Repos\expo_expo\android\versioned-abis\expoview-abi31_0_0\build.gradle
338,..\Repos\Repos\expo_expo\android\versioned-abis\expoview-abi32_0_0\build.gradle
339,..\Repos\Repos\expo_expo\android\versioned-abis\expoview-abi32_0_0\build.gradle
340,..\Repos\Repos\expo_expo\android\versioned-abis\expoview-abi32_0_0\build.gradle
341,..\Repos\Repos\expo_expo\android\versioned-abis\expoview-abi32_0_0\build.gradle
342,..\Repos\Repos\expo_expo\android\versioned-abis\expoview-abi32_0_0\build.gradle
343,..\Repos\Repos\expo_expo\android\versioned-abis\expoview-abi32_0_0\build.gradle
344,..\Repos\Repos\expo_expo\android\versioned-abis\expoview-abi32_0_0\build.gradle
345,..\Repos\Repos\expo_expo\android\versioned-abis\expoview-abi32_0_0\build.gradle
346,..\Repos\Repos\expo_expo\android\versioned-abis\expoview-abi32_0_0\build.gradle
347,..\Repos\Repos\expo_expo\android\versioned-abis\expoview-abi32_0_0\build.gradle
348,..\Repos\Repos\expo_expo\android\versioned-abis\expoview-abi32_0_0\build.gradle
349,..\Repos\Repos\expo_expo\android\versioned-abis\expoview-abi32_0_0\build.gradle
350,..\Repos\Repos\expo_expo\android\versioned-abis\expoview-abi32_0_0\build.gradle
351,..\Repos\Repos\expo_expo\android\versioned-abis\expoview-abi32_0_0\build.gradle
352,..\Repos\Repos\expo_expo\android\versioned-abis\expoview-abi32_0_0\build.gradle
353,..\Repos\Repos\expo_expo\android\versioned-abis\expoview-abi32_0_0\build.gradle
354,..\Repos\Repos\expo_expo\android\versioned-abis\expoview-abi32_0_0\build.gradle
355,..\Repos\Repos\expo_expo\android\versioned-abis\expoview-abi32_0_0\build.gradle
356,..\Repos\Repos\expo_expo\android\versioned-abis\expoview-abi32_0_0\build.gradle
357,..\Repos\Repos\expo_expo\android\versioned-abis\expoview-abi32_0_0\build.gradle
358,..\Repos\Repos\expo_expo\android\versioned-abis\expoview-abi32_0_0\build.gradle
359,..\Repos\Repos\expo_expo\android\versioned-abis\expoview-abi32_0_0\build.gradle
360,..\Repos\Repos\expo_expo\android\versioned-abis\expoview-abi32_0_0\build.gradle
361,..\Repos\Repos\expo_expo\android\versioned-abis\expoview-abi32_0_0\build.gradle
362,..\Repos\Repos\expo_expo\android\versioned-abis\expoview-abi32_0_0\build.gradle
363,..\Repos\Repos\expo_expo\android\versioned-abis\expoview-abi32_0_0\build.gradle
364,..\Repos\Repos\expo_expo\android\versioned-abis\expoview-abi32_0_0\build.gradle
365,..\Repos\Repos\expo_expo\android\versioned-abis\expoview-abi32_0_0\build.gradle
366,..\Repos\Repos\expo_expo\android\versioned-abis\expoview-abi32_0_0\build.gradle
367,..\Repos\Repos\expo_expo\android\versioned-abis\expoview-abi32_0_0\build.gradle
368,..\Repos\Repos\expo_expo\android\versioned-abis\expoview-abi32_0_0\build.gradle
369,..\Repos\Repos\expo_expo\android\versioned-abis\expoview-abi32_0_0\build.gradle
370,..\Repos\Repos\expo_expo\android\versioned-abis\expoview-abi32_0_0\build.gradle
371,..\Repos\Repos\expo_expo\android\versioned-abis\expoview-abi32_0_0\build.gradle
372,..\Repos\Repos\expo_expo\android\versioned-abis\expoview-abi32_0_0\build.gradle
373,..\Repos\Repos\expo_expo\android\versioned-abis\expoview-abi32_0_0\build.gradle
374,..\Repos\Repos\expo_expo\android\versioned-abis\expoview-abi32_0_0\build.gradle
375,..\Repos\Repos\expo_expo\android\versioned-abis\expoview-abi32_0_0\build.gradle
376,..\Repos\Repos\expo_expo\android\versioned-abis\expoview-abi32_0_0\build.gradle
377,..\Repos\Repos\expo_expo\android\versioned-abis\expoview-abi32_0_0\build.gradle
378,..\Repos\Repos\expo_expo\android\versioned-abis\expoview-abi32_0_0\build.gradle
379,..\Repos\Repos\expo_expo\android\versioned-abis\expoview-abi32_0_0\build.gradle
380,..\Repos\Repos\expo_expo\android\versioned-abis\expoview-abi32_0_0\build.gradle
381,..\Repos\Repos\expo_expo\android\versioned-abis\expoview-abi32_0_0\build.gradle
382,..\Repos\Repos\expo_expo\android\versioned-abis\expoview-abi32_0_0\build.gradle
383,..\Repos\Repos\expo_expo\android\versioned-abis\expoview-abi32_0_0\build.gradle
384,..\Repos\Repos\expo_expo\android\versioned-abis\expoview-abi32_0_0\build.gradle
385,..\Repos\Repos\expo_expo\android\versioned-abis\expoview-abi32_0_0\build.gradle
386,..\Repos\Repos\expo_expo\android\versioned-abis\expoview-abi32_0_0\build.gradle
387,..\Repos\Repos\expo_expo\android\versioned-abis\expoview-abi32_0_0\build.gradle
388,..\Repos\Repos\expo_expo\android\versioned-abis\expoview-abi32_0_0\build.gradle
389,..\Repos\Repos\expo_expo\android\versioned-abis\expoview-abi32_0_0\build.gradle
390,..\Repos\Repos\expo_expo\android\versioned-abis\expoview-abi32_0_0\build.gradle
391,..\Repos\Repos\expo_expo\android\versioned-abis\expoview-abi32_0_0\build.gradle
392,..\Repos\Repos\expo_expo\android\versioned-abis\expoview-abi32_0_0\build.gradle
393,..\Repos\Repos\expo_expo\android\versioned-abis\expoview-abi32_0_0\build.gradle
394,..\Repos\Repos\expo_expo\android\versioned-abis\expoview-abi32_0_0\build.gradle
395,..\Repos\Repos\expo_expo\android\versioned-abis\expoview-abi32_0_0\build.gradle
396,..\Repos\Repos\expo_expo\android\versioned-abis\expoview-abi32_0_0\build.gradle
397,..\Repos\Repos\expo_expo\android\versioned-abis\expoview-abi32_0_0\build.gradle
398,..\Repos\Repos\expo_expo\android\versioned-abis\expoview-abi32_0_0\build.gradle
399,..\Repos\Repos\expo_expo\android\versioned-abis\expoview-abi32_0_0\build.gradle
400,..\Repos\Repos\expo_expo\android\versioned-abis\expoview-abi32_0_0\build.gradle
401,..\Repos\Repos\expo_expo\android\versioned-abis\expoview-abi32_0_0\build.gradle
402,..\Repos\Repos\expo_expo\android\versioned-abis\expoview-abi32_0_0\build.gradle
403,..\Repos\Repos\expo_expo\android\versioned-abis\expoview-abi32_0_0\build.gradle
404,..\Repos\Repos\expo_expo\android\versioned-abis\expoview-abi32_0_0\build.gradle
405,..\Repos\Repos\expo_expo\android\versioned-abis\expoview-abi32_0_0\build.gradle
406,..\Repos\Repos\expo_expo\android\versioned-abis\expoview-abi32_0_0\build.gradle
407,..\Repos\Repos\expo_expo\android\versioned-abis\expoview-abi32_0_0\build.gradle
408,..\Repos\Repos\expo_expo\android\versioned-abis\expoview-abi32_0_0\build.gradle
409,..\Repos\Repos\expo_expo\android\versioned-abis\expoview-abi32_0_0\build.gradle
410,..\Repos\Repos\expo_expo\android\versioned-abis\expoview-abi32_0_0\build.gradle
411,..\Repos\Repos\expo_expo\android\versioned-abis\expoview-abi32_0_0\build.gradle
412,..\Repos\Repos\expo_expo\android\versioned-abis\expoview-abi32_0_0\build.gradle
413,..\Repos\Repos\expo_expo\android\versioned-abis\expoview-abi32_0_0\build.gradle
414,..\Repos\Repos\expo_expo\android\versioned-abis\expoview-abi32_0_0\build.gradle
415,..\Repos\Repos\expo_expo\android\versioned-abis\expoview-abi32_0_0\build.gradle
416,..\Repos\Repos\expo_expo\android\versioned-abis\expoview-abi32_0_0\build.gradle
417,..\Repos\Repos\expo_expo\android\versioned-abis\expoview-abi32_0_0\build.gradle
418,..\Repos\Repos\expo_expo\packages\expo-av\android\build.gradle
419,..\Repos\Repos\expo_expo\packages\expo-av\android\build.gradle
420,..\Repos\Repos\expo_expo\packages\expo-av\android\build.gradle
421,..\Repos\Repos\expo_expo\packages\expo-av\android\build.gradle
422,..\Repos\Repos\expo_expo\packages\expo-av\android\build.gradle
423,..\Repos\Repos\expo_expo\packages\expo-av\android\build.gradle
424,..\Repos\Repos\expo_expo\packages\expo-av\android\build.gradle
425,..\Repos\Repos\expo_expo\packages\expo-av\android\build.gradle
426,..\Repos\Repos\expo_expo\packages\expo-av\android\build.gradle
427,..\Repos\Repos\expo_expo\packages\expo-av\android\build.gradle
428,..\Repos\Repos\expo_expo\packages\expo-av\android\build.gradle
429,..\Repos\Repos\expo_expo\packages\expo-av\android\build.gradle
430,..\Repos\Repos\expo_expo\packages\expo-av\android\build.gradle
431,..\Repos\Repos\expo_expo\packages\expo-av\android\build.gradle
432,..\Repos\Repos\expo_expo\packages\expo-av\android\build.gradle
433,..\Repos\Repos\expo_expo\packages\expo-av\android\build.gradle
434,..\Repos\Repos\expo_expo\packages\expo-av\android\build.gradle
435,..\Repos\Repos\expo_expo\packages\expo-av\android\build.gradle
436,..\Repos\Repos\expo_expo\packages\expo-av\android\build.gradle
437,..\Repos\Repos\expo_expo\packages\expo-av\android\build.gradle
438,..\Repos\Repos\expo_expo\packages\expo-av\android\build.gradle
439,..\Repos\Repos\expo_expo\packages\expo-av\android\build.gradle
440,..\Repos\Repos\expo_expo\packages\expo-av\android\build.gradle
441,..\Repos\Repos\expo_expo\packages\expo-av\android\build.gradle
442,..\Repos\Repos\expo_expo\packages\expo-av\android\build.gradle
443,..\Repos\Repos\expo_expo\packages\expo-av\android\build.gradle
444,..\Repos\Repos\expo_expo\packages\expo-av\android\build.gradle
445,..\Repos\Repos\expo_expo\packages\expo-av\android\build.gradle
446,..\Repos\Repos\expo_expo\packages\expo-av\android\build.gradle
447,..\Repos\Repos\expo_expo\packages\expo-av\android\build.gradle
448,..\Repos\Repos\expo_expo\packages\expo-av\android\build.gradle
449,..\Repos\Repos\expo_expo\packages\expo-av\android\build.gradle
450,..\Repos\Repos\expo_expo\packages\expo-av\android\build.gradle
451,..\Repos\Repos\expo_expo\packages\expo-av\android\build.gradle
452,..\Repos\Repos\expo_expo\packages\expo-av\android\build.gradle
453,..\Repos\Repos\expo_expo\packages\expo-av\android\build.gradle
454,..\Repos\Repos\expo_expo\packages\expo-av\android\build.gradle
455,..\Repos\Repos\expo_expo\packages\expo-av\android\build.gradle
456,..\Repos\Repos\expo_expo\packages\expo-av\android\build.gradle
457,..\Repos\Repos\expo_expo\packages\expo-av\android\build.gradle
458,..\Repos\Repos\expo_expo\packages\expo-av\android\build.gradle
459,..\Repos\Repos\expo_expo\packages\expo-av\android\build.gradle
460,..\Repos\Repos\expo_expo\packages\expo-av\android\build.gradle
461,..\Repos\Repos\expo_expo\packages\expo-av\android\build.gradle
462,..\Repos\Repos\expo_expo\packages\expo-av\android\build.gradle
463,..\Repos\Repos\expo_expo\packages\expo-av\android\build.gradle
464,..\Repos\Repos\expo_expo\packages\expo-av\android\build.gradle
465,..\Repos\Repos\expo_expo\packages\expo-av\android\build.gradle
466,..\Repos\Repos\expo_expo\packages\expo-av\android\build.gradle
467,..\Repos\Repos\expo_expo\packages\expo-av\android\build.gradle
468,..\Repos\Repos\expo_expo\packages\expo-av\android\build.gradle
469,..\Repos\Repos\expo_expo\packages\expo-av\android\build.gradle
470,..\Repos\Repos\expo_expo\packages\expo-av\android\build.gradle
471,..\Repos\Repos\expo_expo\packages\expo-av\android\build.gradle
472,..\Repos\Repos\expo_expo\packages\expo-av\android\build.gradle
473,..\Repos\Repos\expo_expo\packages\expo-av\android\build.gradle
474,..\Repos\Repos\expo_expo\packages\expo-av\android\build.gradle
475,..\Repos\Repos\expo_expo\packages\expo-av\android\build.gradle
476,..\Repos\Repos\expo_expo\packages\expo-av\android\build.gradle
477,..\Repos\Repos\expo_expo\packages\expo-av\android\build.gradle
478,..\Repos\Repos\expo_expo\packages\expo-av\android\build.gradle
479,..\Repos\Repos\expo_expo\packages\expo-av\android\build.gradle
480,..\Repos\Repos\expo_expo\packages\expo-av\android\build.gradle
481,..\Repos\Repos\expo_expo\packages\expo-av\android\build.gradle
482,..\Repos\Repos\expo_expo\packages\expo-av\android\build.gradle
483,..\Repos\Repos\expo_expo\packages\expo-av\android\build.gradle
484,..\Repos\Repos\expo_expo\packages\expo-av\android\build.gradle
485,..\Repos\Repos\expo_expo\packages\expo-av\android\build.gradle
486,..\Repos\Repos\expo_expo\packages\expo-av\android\build.gradle
487,..\Repos\Repos\expo_expo\packages\expo-av\android\build.gradle
488,..\Repos\Repos\expo_expo\packages\expo-av\android\build.gradle
489,..\Repos\Repos\expo_expo\packages\expo-av\android\build.gradle
490,..\Repos\Repos\expo_expo\packages\expo-av\android\build.gradle
491,..\Repos\Repos\expo_expo\packages\expo-av\android\build.gradle
492,..\Repos\Repos\expo_expo\packages\expo-av\android\build.gradle
493,..\Repos\Repos\expo_expo\packages\expo-av\android\build.gradle
494,..\Repos\Repos\expo_expo\packages\expo-av\android\build.gradle
495,..\Repos\Repos\expo_expo\packages\expo-av\android\build.gradle
496,..\Repos\Repos\expo_expo\packages\expo-av\android\build.gradle
497,..\Repos\Repos\expo_expo\packages\expo-av\android\build.gradle
498,..\Repos\Repos\expo_expo\packages\expo-file-system\android\build.gradle
499,..\Repos\Repos\expo_expo\packages\expo-file-system\android\build.gradle
500,..\Repos\Repos\expo_expo\packages\expo-file-system\android\build.gradle
501,..\Repos\Repos\expo_expo\packages\expo-file-system\android\build.gradle
502,..\Repos\Repos\expo_expo\packages\expo-file-system\android\build.gradle
503,..\Repos\Repos\expo_expo\packages\expo-file-system\android\build.gradle
504,..\Repos\Repos\expo_expo\packages\expo-file-system\android\build.gradle
505,..\Repos\Repos\expo_expo\packages\expo-file-system\android\build.gradle
506,..\Repos\Repos\expo_expo\packages\expo-file-system\android\build.gradle
507,..\Repos\Repos\expo_expo\packages\expo-file-system\android\build.gradle
508,..\Repos\Repos\expo_expo\packages\expo-file-system\android\build.gradle
509,..\Repos\Repos\expo_expo\packages\expo-file-system\android\build.gradle
510,..\Repos\Repos\expo_expo\packages\expo-file-system\android\build.gradle
511,..\Repos\Repos\expo_expo\packages\expo-file-system\android\build.gradle
512,..\Repos\Repos\expo_expo\packages\expo-file-system\android\build.gradle
513,..\Repos\Repos\expo_expo\packages\expo-file-system\android\build.gradle
514,..\Repos\Repos\expo_expo\packages\expo-file-system\android\build.gradle
515,..\Repos\Repos\expo_expo\packages\expo-file-system\android\build.gradle
516,..\Repos\Repos\expo_expo\packages\expo-file-system\android\build.gradle
517,..\Repos\Repos\expo_expo\packages\expo-file-system\android\build.gradle
518,..\Repos\Repos\expo_expo\packages\expo-file-system\android\build.gradle
519,..\Repos\Repos\expo_expo\packages\expo-file-system\android\build.gradle
520,..\Repos\Repos\expo_expo\packages\expo-file-system\android\build.gradle
521,..\Repos\Repos\expo_expo\packages\expo-file-system\android\build.gradle
522,..\Repos\Repos\expo_expo\packages\expo-file-system\android\build.gradle
523,..\Repos\Repos\expo_expo\packages\expo-file-system\android\build.gradle
524,..\Repos\Repos\expo_expo\packages\expo-file-system\android\build.gradle
525,..\Repos\Repos\expo_expo\packages\expo-file-system\android\build.gradle
526,..\Repos\Repos\expo_expo\packages\expo-file-system\android\build.gradle
527,..\Repos\Repos\expo_expo\packages\expo-file-system\android\build.gradle
528,..\Repos\Repos\expo_expo\packages\expo-file-system\android\build.gradle
529,..\Repos\Repos\expo_expo\packages\expo-file-system\android\build.gradle
530,..\Repos\Repos\expo_expo\packages\expo-file-system\android\build.gradle
531,..\Repos\Repos\expo_expo\packages\expo-file-system\android\build.gradle
532,..\Repos\Repos\expo_expo\packages\expo-file-system\android\build.gradle
533,..\Repos\Repos\expo_expo\packages\expo-file-system\android\build.gradle
534,..\Repos\Repos\expo_expo\packages\expo-file-system\android\build.gradle
535,..\Repos\Repos\expo_expo\packages\expo-file-system\android\build.gradle
536,..\Repos\Repos\expo_expo\packages\expo-file-system\android\build.gradle
537,..\Repos\Repos\expo_expo\packages\expo-file-system\android\build.gradle
538,..\Repos\Repos\expo_expo\packages\expo-file-system\android\build.gradle
539,..\Repos\Repos\expo_expo\packages\expo-file-system\android\build.gradle
540,..\Repos\Repos\expo_expo\packages\expo-file-system\android\build.gradle
541,..\Repos\Repos\expo_expo\packages\expo-file-system\android\build.gradle
542,..\Repos\Repos\expo_expo\packages\expo-file-system\android\build.gradle
543,..\Repos\Repos\expo_expo\packages\expo-file-system\android\build.gradle
544,..\Repos\Repos\expo_expo\packages\expo-file-system\android\build.gradle
545,..\Repos\Repos\expo_expo\packages\expo-file-system\android\build.gradle
546,..\Repos\Repos\expo_expo\packages\expo-file-system\android\build.gradle
547,..\Repos\Repos\expo_expo\packages\expo-file-system\android\build.gradle
548,..\Repos\Repos\expo_expo\packages\expo-file-system\android\build.gradle
549,..\Repos\Repos\expo_expo\packages\expo-file-system\android\build.gradle
550,..\Repos\Repos\expo_expo\packages\expo-file-system\android\build.gradle
551,..\Repos\Repos\expo_expo\packages\expo-file-system\android\build.gradle
552,..\Repos\Repos\expo_expo\packages\expo-file-system\android\build.gradle
553,..\Repos\Repos\expo_expo\packages\expo-file-system\android\build.gradle
554,..\Repos\Repos\expo_expo\packages\expo-file-system\android\build.gradle
555,..\Repos\Repos\expo_expo\packages\expo-file-system\android\build.gradle
556,..\Repos\Repos\expo_expo\packages\expo-file-system\android\build.gradle
557,..\Repos\Repos\expo_expo\packages\expo-file-system\android\build.gradle
558,..\Repos\Repos\expo_expo\packages\expo-file-system\android\build.gradle
559,..\Repos\Repos\expo_expo\packages\expo-file-system\android\build.gradle
560,..\Repos\Repos\expo_expo\packages\expo-file-system\android\build.gradle
561,..\Repos\Repos\expo_expo\packages\expo-file-system\android\build.gradle
562,..\Repos\Repos\expo_expo\packages\expo-file-system\android\build.gradle
563,..\Repos\Repos\expo_expo\packages\expo-file-system\android\build.gradle
564,..\Repos\Repos\expo_expo\packages\expo-file-system\android\build.gradle
565,..\Repos\Repos\expo_expo\packages\expo-file-system\android\build.gradle
566,..\Repos\Repos\expo_expo\packages\expo-file-system\android\build.gradle
567,..\Repos\Repos\expo_expo\packages\expo-file-system\android\build.gradle
568,..\Repos\Repos\expo_expo\packages\expo-file-system\android\build.gradle
569,..\Repos\Repos\expo_expo\packages\expo-file-system\android\build.gradle
570,..\Repos\Repos\expo_expo\packages\expo-file-system\android\build.gradle
571,..\Repos\Repos\expo_expo\packages\expo-file-system\android\build.gradle
572,..\Repos\Repos\expo_expo\packages\expo-file-system\android\build.gradle
573,..\Repos\Repos\expo_expo\packages\expo-file-system\android\build.gradle
574,..\Repos\Repos\expo_expo\packages\expo-file-system\android\build.gradle
575,..\Repos\Repos\expo_expo\packages\expo-file-system\android\build.gradle
576,..\Repos\Repos\expo_expo\packages\expo-file-system\android\build.gradle
577,..\Repos\Repos\expo_expo\packages\expo-file-system\android\build.gradle
578,..\Repos\Repos\FernandoOrtegaMartinez_Planket\app\build.gradle
579,..\Repos\Repos\FernandoOrtegaMartinez_Planket\app\build.gradle
580,..\Repos\Repos\FernandoOrtegaMartinez_Planket\app\build.gradle
581,..\Repos\Repos\foobnix_LirbiReader\app\build.gradle
582,..\Repos\Repos\foobnix_LirbiReader\app\build.gradle
583,..\Repos\Repos\foobnix_LirbiReader\app\build.gradle
584,..\Repos\Repos\foobnix_LirbiReader\app\build.gradle
585,..\Repos\Repos\foobnix_LirbiReader\app\build.gradle
586,..\Repos\Repos\gitskarios_Gitskarios\app\build.gradle
587,..\Repos\Repos\gitskarios_Gitskarios\app\build.gradle
588,..\Repos\Repos\guardianproject_ObscuraCam\app\build.gradle
589,..\Repos\Repos\guardianproject_ObscuraCam\app\build.gradle
590,..\Repos\Repos\HackMyChurch_aelf-dailyreadings\app\build.gradle
591,..\Repos\Repos\HackMyChurch_aelf-dailyreadings\app\build.gradle
592,..\Repos\Repos\hercarr_photofinder\app\build.gradle
593,..\Repos\Repos\hercarr_photofinder\app\build.gradle
594,..\Repos\Repos\horizon-institute_babyface-android\build.gradle
595,..\Repos\Repos\horizon-institute_babyface-android\build.gradle
596,..\Repos\Repos\iFixit_iFixitAndroid\App\build.gradle
597,..\Repos\Repos\iFixit_iFixitAndroid\App\build.gradle
598,..\Repos\Repos\iFixit_iFixitAndroid\App\build.gradle
599,..\Repos\Repos\iFixit_iFixitAndroid\App\build.gradle
600,..\Repos\Repos\iFixit_iFixitAndroid\App\build.gradle
601,..\Repos\Repos\iFixit_iFixitAndroid\App\build.gradle
602,..\Repos\Repos\iFixit_iFixitAndroid\App\build.gradle
603,..\Repos\Repos\iFixit_iFixitAndroid\App\build.gradle
604,..\Repos\Repos\iFixit_iFixitAndroid\App\build.gradle
605,..\Repos\Repos\iFixit_iFixitAndroid\App\build.gradle
606,..\Repos\Repos\irccloud_android\build.gradle
607,..\Repos\Repos\irccloud_android\build.gradle
608,..\Repos\Repos\iTXTech_Daedalus\app\build.gradle
609,..\Repos\Repos\iTXTech_Daedalus\app\build.gradle
610,..\Repos\Repos\ivan-kudziev_sog\app\build.gradle
611,..\Repos\Repos\ivan-kudziev_sog\app\build.gradle
612,..\Repos\Repos\ivan-kudziev_sog\app\build.gradle
613,..\Repos\Repos\ivan-kudziev_sog\app\build.gradle
614,..\Repos\Repos\jakemoritz_Tasking\app\build.gradle
615,..\Repos\Repos\jakemoritz_Tasking\app\build.gradle
616,..\Repos\Repos\jalotsav_Aalayam\app\build.gradle
617,..\Repos\Repos\jalotsav_Aalayam\app\build.gradle
618,..\Repos\Repos\jalotsav_Aalayam\app\build.gradle
619,..\Repos\Repos\jalotsav_Aalayam\app\build.gradle
620,..\Repos\Repos\jalotsav_Aalayam\app\build.gradle
621,..\Repos\Repos\jalotsav_JamnadasConnect\app\build.gradle
622,..\Repos\Repos\jalotsav_JamnadasConnect\app\build.gradle
623,..\Repos\Repos\javimar_WirelessVLC\app\build.gradle
624,..\Repos\Repos\javimar_WirelessVLC\app\build.gradle
625,..\Repos\Repos\jawg_osm-contributor\build.gradle
626,..\Repos\Repos\jawg_osm-contributor\build.gradle
627,..\Repos\Repos\JoaquimLey_avenging\core\build.gradle
628,..\Repos\Repos\JoaquimLey_avenging\core\build.gradle
629,..\Repos\Repos\JoaquimLey_avenging\core\build.gradle
630,..\Repos\Repos\JoaquimLey_avenging\core\build.gradle
631,..\Repos\Repos\JoaquimLey_avenging\core\build.gradle
632,..\Repos\Repos\jruesga_rview\attachments\build.gradle
633,..\Repos\Repos\jruesga_rview\attachments\build.gradle
634,..\Repos\Repos\jruesga_rview\attachments\build.gradle
635,..\Repos\Repos\jruesga_rview\attachments\build.gradle
636,..\Repos\Repos\jruesga_rview\attachments\build.gradle
637,..\Repos\Repos\jruesga_rview\attachments\build.gradle
638,..\Repos\Repos\jruesga_rview\attachments\build.gradle
639,..\Repos\Repos\jruesga_rview\gerrit\build.gradle
640,..\Repos\Repos\jruesga_rview\gerrit\build.gradle
641,..\Repos\Repos\jruesga_rview\gerrit\build.gradle
642,..\Repos\Repos\jruesga_rview\gerrit\build.gradle
643,..\Repos\Repos\jruesga_rview\gerrit\build.gradle
644,..\Repos\Repos\jruesga_rview\gerrit\build.gradle
645,..\Repos\Repos\jruesga_rview\gerrit\build.gradle
646,..\Repos\Repos\junjunguo_PocketMaps\PocketMaps\app\build.gradle
647,..\Repos\Repos\junjunguo_PocketMaps\PocketMaps\app\build.gradle
648,..\Repos\Repos\jvivanco28_PegCityTransit\app\build.gradle
649,..\Repos\Repos\jvivanco28_PegCityTransit\app\build.gradle
650,..\Repos\Repos\kaltura_playkit-android\playkit\build.gradle
651,..\Repos\Repos\kaltura_playkit-android\playkit\build.gradle
652,..\Repos\Repos\kkong006_De-Classify\app\build.gradle
653,..\Repos\Repos\kkong006_De-Classify\app\build.gradle
654,..\Repos\Repos\konifar_droidkaigi2016\app\build.gradle
655,..\Repos\Repos\konifar_droidkaigi2016\app\build.gradle
656,..\Repos\Repos\kontalk_androidclient\app\build.gradle
657,..\Repos\Repos\kontalk_androidclient\app\build.gradle
658,..\Repos\Repos\kontalk_androidclient\app\build.gradle
659,..\Repos\Repos\ktchernov_apex-elevation\app\build.gradle
660,..\Repos\Repos\ktchernov_apex-elevation\app\build.gradle
661,..\Repos\Repos\kuastw_KUAS-Wifi-Auto-Login\Android\app\build.gradle
662,..\Repos\Repos\kuastw_KUAS-Wifi-Auto-Login\Android\app\build.gradle
663,..\Repos\Repos\lahwran_pin\app\build.gradle
664,..\Repos\Repos\lahwran_pin\app\build.gradle
665,..\Repos\Repos\leapcode_bitmask_android\app\build.gradle
666,..\Repos\Repos\leapcode_bitmask_android\app\build.gradle
667,..\Repos\Repos\leapcode_bitmask_android\app\build.gradle
668,..\Repos\Repos\LightSnowDev_VPlanPRS\mobile\build.gradle
669,..\Repos\Repos\LightSnowDev_VPlanPRS\mobile\build.gradle
670,..\Repos\Repos\LightSnowDev_VPlanPRS\mobile\build.gradle
671,..\Repos\Repos\ligi_AJShA\app\build.gradle
672,..\Repos\Repos\ligi_AJShA\app\build.gradle
673,..\Repos\Repos\ligi_AJShA\app\build.gradle
674,..\Repos\Repos\ligi_AJShA\app\build.gradle
675,..\Repos\Repos\ligi_AJShA\app\build.gradle
676,..\Repos\Repos\ligi_AJShA\app\build.gradle
677,..\Repos\Repos\ligi_AJShA\app\build.gradle
678,..\Repos\Repos\Longi94_bptf\app\build.gradle
679,..\Repos\Repos\Longi94_bptf\app\build.gradle
680,..\Repos\Repos\madeye_BaoLianDeng\app\build.gradle
681,..\Repos\Repos\madeye_BaoLianDeng\app\build.gradle
682,..\Repos\Repos\magalvao_cardapiojj\app\build.gradle
683,..\Repos\Repos\magalvao_cardapiojj\app\build.gradle
684,..\Repos\Repos\MalaysiaPrayerTimes_android\api-client\build.gradle
685,..\Repos\Repos\MalaysiaPrayerTimes_android\api-client\build.gradle
686,..\Repos\Repos\MalaysiaPrayerTimes_android\api-client\build.gradle
687,..\Repos\Repos\MalaysiaPrayerTimes_android\api-client\build.gradle
688,..\Repos\Repos\MalaysiaPrayerTimes_android\app\build.gradle
689,..\Repos\Repos\MalaysiaPrayerTimes_android\app\build.gradle
690,..\Repos\Repos\MalaysiaPrayerTimes_android\app\build.gradle
691,..\Repos\Repos\MalaysiaPrayerTimes_android\app\build.gradle
692,..\Repos\Repos\marverenic_Jockey\app\build.gradle
693,..\Repos\Repos\marverenic_Jockey\app\build.gradle
694,..\Repos\Repos\marverenic_Jockey\app\build.gradle
695,..\Repos\Repos\marverenic_Jockey\app\build.gradle
696,..\Repos\Repos\mauriciotogneri_shoppinglist\mobile\build.gradle
697,..\Repos\Repos\mauriciotogneri_shoppinglist\mobile\build.gradle
698,..\Repos\Repos\mauriciotogneri_shoppinglist\mobile\build.gradle
699,..\Repos\Repos\mauriciotogneri_shoppinglist\mobile\build.gradle
700,..\Repos\Repos\MD2Korg_mCerebrum-DataKit\datakit\build.gradle
701,..\Repos\Repos\MD2Korg_mCerebrum-DataKit\datakit\build.gradle
702,..\Repos\Repos\Meisterschueler_ogn-viewer-android\app\build.gradle
703,..\Repos\Repos\Meisterschueler_ogn-viewer-android\app\build.gradle
704,..\Repos\Repos\mgolokhov_dodroid\app\build.gradle
705,..\Repos\Repos\mgolokhov_dodroid\app\build.gradle
706,..\Repos\Repos\MKergall_osmbonuspack\OSMBonusPack\build.gradle
707,..\Repos\Repos\MKergall_osmbonuspack\OSMBonusPack\build.gradle
708,..\Repos\Repos\MKergall_osmbonuspack\OSMBonusPack\build.gradle
709,..\Repos\Repos\MKergall_osmbonuspack\OSMBonusPack\build.gradle
710,..\Repos\Repos\MKergall_osmbonuspack\OSMBonusPack\build.gradle
711,..\Repos\Repos\MKergall_osmbonuspack\OSMBonusPackTuto\build.gradle
712,..\Repos\Repos\MKergall_osmbonuspack\OSMBonusPackTuto\build.gradle
713,..\Repos\Repos\MKergall_osmbonuspack\OSMBonusPackTuto\build.gradle
714,..\Repos\Repos\MKergall_osmbonuspack\OSMBonusPackTuto\build.gradle
715,..\Repos\Repos\MKergall_osmbonuspack\OSMBonusPackTuto\build.gradle
716,..\Repos\Repos\mosmetro-android_mosmetro-android\app\build.gradle
717,..\Repos\Repos\mosmetro-android_mosmetro-android\app\build.gradle
718,..\Repos\Repos\mrafaelbatista_Unipe_CurtaDuracao\TemperaturaAgora\app\build.gradle
719,..\Repos\Repos\mrafaelbatista_Unipe_CurtaDuracao\TemperaturaAgora\app\build.gradle
720,..\Repos\Repos\mrafaelbatista_Unipe_CurtaDuracao\TemperaturaAgora\app\build.gradle
721,..\Repos\Repos\mrafaelbatista_Unipe_CurtaDuracao\TemperaturaAgora\app\build.gradle
722,..\Repos\Repos\mrafaelbatista_Unipe_CurtaDuracao\TemperaturaAgora\app\build.gradle
723,..\Repos\Repos\mrafaelbatista_Unipe_CurtaDuracao\TemperaturaAgora\app\build.gradle
724,..\Repos\Repos\mrafaelbatista_Unipe_CurtaDuracao\TemperaturaAgora\app\build.gradle
725,..\Repos\Repos\mrafaelbatista_Unipe_CurtaDuracao\TemperaturaAgora\app\build.gradle
726,..\Repos\Repos\mrafaelbatista_Unipe_CurtaDuracao\TemperaturaAgora\app\build.gradle
727,..\Repos\Repos\mrafaelbatista_Unipe_CurtaDuracao\TemperaturaAgora\app\build.gradle
728,..\Repos\Repos\MythTV-Clients_MythtvPlayerForAndroid\mythtv-player\build.gradle
729,..\Repos\Repos\MythTV-Clients_MythtvPlayerForAndroid\mythtv-player\build.gradle
730,..\Repos\Repos\MythTV-Clients_MythtvPlayerForAndroid\mythtv-player\build.gradle
731,..\Repos\Repos\MythTV-Clients_MythtvPlayerForAndroid\mythtv-player\build.gradle
732,..\Repos\Repos\nbusy_nbusy-android\app\build.gradle
733,..\Repos\Repos\nbusy_nbusy-android\app\build.gradle
734,..\Repos\Repos\nfdz_saved.io-plus-plus\Saved.io++\app\build.gradle
735,..\Repos\Repos\nfdz_saved.io-plus-plus\Saved.io++\app\build.gradle
736,..\Repos\Repos\ngageoint_anti-piracy-android-app\ASAM\app\build.gradle
737,..\Repos\Repos\ngageoint_anti-piracy-android-app\ASAM\app\build.gradle
738,..\Repos\Repos\nicoco007_AESD-Android\app\build.gradle
739,..\Repos\Repos\nicoco007_AESD-Android\app\build.gradle
740,..\Repos\Repos\NikolayMakhonin_AndroidAppExample\AndroidAppExample\AppExample\build.gradle
741,..\Repos\Repos\NikolayMakhonin_AndroidAppExample\AndroidAppExample\AppExample\build.gradle
742,..\Repos\Repos\NikolayMakhonin_AndroidAppExample\AndroidAppExample\AppExample\build.gradle
743,..\Repos\Repos\NikolayMakhonin_AndroidAppExample\AndroidAppExample\AppExample\build.gradle
744,..\Repos\Repos\NomenSvyat_proger-game\build.gradle
745,..\Repos\Repos\NomenSvyat_proger-game\build.gradle
746,..\Repos\Repos\nvh0412_dealhunting\app\build.gradle
747,..\Repos\Repos\nvh0412_dealhunting\app\build.gradle
748,..\Repos\Repos\orcchg_ChatClient\app\build.gradle
749,..\Repos\Repos\orcchg_ChatClient\app\build.gradle
750,..\Repos\Repos\ost500_Novel_platform\mobile_application\android\FoxGarden\app\build.gradle
751,..\Repos\Repos\ost500_Novel_platform\mobile_application\android\FoxGarden\app\build.gradle
752,..\Repos\Repos\pablogadhi_ExpoUVG\ExpoUVG_Final\android\build.gradle
753,..\Repos\Repos\pablogadhi_ExpoUVG\ExpoUVG_Final\android\build.gradle
754,..\Repos\Repos\pablogadhi_ExpoUVG\ExpoUVG_Final\android\build.gradle
755,..\Repos\Repos\pablogadhi_ExpoUVG\ExpoUVG_Final\android\build.gradle
756,..\Repos\Repos\pablogadhi_ExpoUVG\ExpoUVG_Final\android\build.gradle
757,..\Repos\Repos\pablogadhi_ExpoUVG\ExpoUVG_Final\android\build.gradle
758,..\Repos\Repos\pablogadhi_ExpoUVG\ExpoUVG_Final\android\build.gradle
759,..\Repos\Repos\pablogadhi_ExpoUVG\ExpoUVG_Final\android\build.gradle
760,..\Repos\Repos\pablogadhi_ExpoUVG\ExpoUVG_Final\android\build.gradle
761,..\Repos\Repos\pablogadhi_ExpoUVG\ExpoUVG_Final\android\build.gradle
762,..\Repos\Repos\pablogadhi_ExpoUVG\ExpoUVG_Final\android\build.gradle
763,..\Repos\Repos\pablogadhi_ExpoUVG\ExpoUVG_Final\android\build.gradle
764,..\Repos\Repos\pablogadhi_ExpoUVG\NewsV2\App\app\build.gradle
765,..\Repos\Repos\pablogadhi_ExpoUVG\NewsV2\App\app\build.gradle
766,..\Repos\Repos\pablogadhi_ExpoUVG\NewsV2\App\app\build.gradle
767,..\Repos\Repos\pablogadhi_ExpoUVG\NewsV2\App\app\build.gradle
768,..\Repos\Repos\pablogadhi_ExpoUVG\NewsV2\App\app\build.gradle
769,..\Repos\Repos\pablogadhi_ExpoUVG\NewsV2\App\app\build.gradle
770,..\Repos\Repos\pablogadhi_ExpoUVG\NewsV2\App\app\build.gradle
771,..\Repos\Repos\pablogadhi_ExpoUVG\NewsV2\App\app\build.gradle
772,..\Repos\Repos\pablogadhi_ExpoUVG\NewsV2\App\app\build.gradle
773,..\Repos\Repos\pablogadhi_ExpoUVG\NewsV2\App\app\build.gradle
774,..\Repos\Repos\pablogadhi_ExpoUVG\NewsV2\App\app\build.gradle
775,..\Repos\Repos\pablogadhi_ExpoUVG\NewsV2\App\app\build.gradle
776,..\Repos\Repos\papageorgiouk_pafos2017\app\build.gradle
777,..\Repos\Repos\papageorgiouk_pafos2017\app\build.gradle
778,..\Repos\Repos\phpnetfrance_drivinCloudOpen\app\build.gradle
779,..\Repos\Repos\phpnetfrance_drivinCloudOpen\app\build.gradle
780,..\Repos\Repos\phpnetfrance_drivinCloudOpen\app\build.gradle
781,..\Repos\Repos\plusCubed_plusTimer\app\build.gradle
782,..\Repos\Repos\plusCubed_plusTimer\app\build.gradle
783,..\Repos\Repos\plusCubed_plusTimer\app\build.gradle
784,..\Repos\Repos\pretix_pretixdroid\pretixdroid\app\build.gradle
785,..\Repos\Repos\pretix_pretixdroid\pretixdroid\app\build.gradle
786,..\Repos\Repos\proxysh_Safejumper-for-Android\app\build.gradle
787,..\Repos\Repos\proxysh_Safejumper-for-Android\app\build.gradle
788,..\Repos\Repos\prshntpnwr_Monolith\app\build.gradle
789,..\Repos\Repos\prshntpnwr_Monolith\app\build.gradle
790,..\Repos\Repos\Purdue-ACM-SIGAPP_PurdueLaundry-android\app\build.gradle
791,..\Repos\Repos\Purdue-ACM-SIGAPP_PurdueLaundry-android\app\build.gradle
792,..\Repos\Repos\rafagcamargo_PopularMovies\app\build.gradle
793,..\Repos\Repos\rafagcamargo_PopularMovies\app\build.gradle
794,..\Repos\Repos\rustelefonen_hap-android\app\build.gradle
795,..\Repos\Repos\rustelefonen_hap-android\app\build.gradle
796,..\Repos\Repos\Samourai-Wallet_samourai-wallet-android\app\build.gradle
797,..\Repos\Repos\Samourai-Wallet_samourai-wallet-android\app\build.gradle
798,..\Repos\Repos\Samourai-Wallet_samourai-wallet-android\app\build.gradle
799,..\Repos\Repos\samuelclay_NewsBlur\clients\android\NewsBlur\build.gradle
800,..\Repos\Repos\samuelclay_NewsBlur\clients\android\NewsBlur\build.gradle
801,..\Repos\Repos\sankar3292_NotifyMe\app\build.gradle
802,..\Repos\Repos\sankar3292_NotifyMe\app\build.gradle
803,..\Repos\Repos\segler-alex_RadioDroid\app\build.gradle
804,..\Repos\Repos\segler-alex_RadioDroid\app\build.gradle
805,..\Repos\Repos\segler-alex_RadioDroid\app\build.gradle
806,..\Repos\Repos\septadev_SEPTA-Android\app\build.gradle
807,..\Repos\Repos\septadev_SEPTA-Android\app\build.gradle
808,..\Repos\Repos\seventhmoon_IpApi\app\build.gradle
809,..\Repos\Repos\seventhmoon_IpApi\app\build.gradle
810,..\Repos\Repos\seventhmoon_IpApi\app\build.gradle
811,..\Repos\Repos\seventhmoon_IpApi\library\build.gradle
812,..\Repos\Repos\seventhmoon_IpApi\library\build.gradle
813,..\Repos\Repos\seventhmoon_IpApi\library\build.gradle
814,..\Repos\Repos\shelajev_Retrofit2SampleApp\app\build.gradle
815,..\Repos\Repos\shelajev_Retrofit2SampleApp\app\build.gradle
816,..\Repos\Repos\shts_NogiFeed\app\build.gradle
817,..\Repos\Repos\shts_NogiFeed\app\build.gradle
818,..\Repos\Repos\Shuanghua_LikeGank\app\build.gradle
819,..\Repos\Repos\Shuanghua_LikeGank\app\build.gradle
820,..\Repos\Repos\silva96_guessthehashtag\app\build.gradle
821,..\Repos\Repos\silva96_guessthehashtag\app\build.gradle
822,..\Repos\Repos\Skalaw_Video-Training-App\core\build.gradle
823,..\Repos\Repos\Skalaw_Video-Training-App\core\build.gradle
824,..\Repos\Repos\SpartaHack_SpartaHack-Android\app\build.gradle
825,..\Repos\Repos\SpartaHack_SpartaHack-Android\app\build.gradle
826,..\Repos\Repos\SPMakings_TAAS\app\build.gradle
827,..\Repos\Repos\SPMakings_TAAS\app\build.gradle
828,..\Repos\Repos\tanrabad_survey\app\build.gradle
829,..\Repos\Repos\tanrabad_survey\app\build.gradle
830,..\Repos\Repos\tasomaniac_hackdash\app\build.gradle
831,..\Repos\Repos\tasomaniac_hackdash\app\build.gradle
832,..\Repos\Repos\tasomaniac_MuzeiEarthView\app\build.gradle
833,..\Repos\Repos\tasomaniac_MuzeiEarthView\app\build.gradle
834,..\Repos\Repos\TekkLabs_memoria-politica\server\GovInfoParser\build.gradle
835,..\Repos\Repos\TekkLabs_memoria-politica\server\GovInfoParser\build.gradle
836,..\Repos\Repos\thermatk_HSEWifi\app\build.gradle
837,..\Repos\Repos\thermatk_HSEWifi\app\build.gradle
838,..\Repos\Repos\timothymiko_narrate-android\app\build.gradle
839,..\Repos\Repos\timothymiko_narrate-android\app\build.gradle
840,..\Repos\Repos\timothymiko_narrate-android\app\build.gradle
841,..\Repos\Repos\timothymiko_narrate-android\app\build.gradle
842,..\Repos\Repos\timothymiko_narrate-android\app\build.gradle
843,..\Repos\Repos\timothymiko_narrate-android\app\build.gradle
844,..\Repos\Repos\timstableford_P-BrainAndroid\app\build.gradle
845,..\Repos\Repos\timstableford_P-BrainAndroid\app\build.gradle
846,..\Repos\Repos\Tracman-org_Android\app\build.gradle
847,..\Repos\Repos\Tracman-org_Android\app\build.gradle
848,..\Repos\Repos\unsftn_unsmobile\UNS\app\build.gradle
849,..\Repos\Repos\unsftn_unsmobile\UNS\app\build.gradle
850,..\Repos\Repos\ur13l_Guanajoven\app\build.gradle
851,..\Repos\Repos\ur13l_Guanajoven\app\build.gradle
852,..\Repos\Repos\ur13l_Guanajoven\app\build.gradle
853,..\Repos\Repos\uruba_TruckApp\app\build.gradle
854,..\Repos\Repos\uruba_TruckApp\app\build.gradle
855,..\Repos\Repos\uruba_TruckApp\app\build.gradle
856,..\Repos\Repos\vmmaldonadoz_android-reddit-example\Reddit\app\build.gradle
857,..\Repos\Repos\vmmaldonadoz_android-reddit-example\Reddit\app\build.gradle
858,..\Repos\Repos\vuze_vuze-remote-for-android\vuzeAndroidRemote\build.gradle
859,..\Repos\Repos\vuze_vuze-remote-for-android\vuzeAndroidRemote\build.gradle
860,..\Repos\Repos\vuze_vuze-remote-for-android\vuzeAndroidRemote\build.gradle
861,..\Repos\Repos\vuze_vuze-remote-for-android\vuzeAndroidRemote\build.gradle
862,..\Repos\Repos\vuze_vuze-remote-for-android\vuzeAndroidRemote\build.gradle
863,..\Repos\Repos\vuze_vuze-remote-for-android\vuzeAndroidRemote\build.gradle
864,..\Repos\Repos\vuze_vuze-remote-for-android\vuzeAndroidRemote\build.gradle
865,..\Repos\Repos\vuze_vuze-remote-for-android\vuzeAndroidRemote\build.gradle
866,..\Repos\Repos\w9jds_MarketBot\app\build.gradle
867,..\Repos\Repos\w9jds_MarketBot\app\build.gradle
868,..\Repos\Repos\w9jds_MarketBot\app\build.gradle
869,..\Repos\Repos\WangDaYeeeeee_GeometricWeather\app\build.gradle
870,..\Repos\Repos\WangDaYeeeeee_GeometricWeather\app\build.gradle
871,..\Repos\Repos\warenix_Web2PDF\android\app\build.gradle
872,..\Repos\Repos\warenix_Web2PDF\android\app\build.gradle
873,..\Repos\Repos\warmshowers_wsandroid\app\build.gradle
874,..\Repos\Repos\warmshowers_wsandroid\app\build.gradle
875,..\Repos\Repos\warmshowers_wsandroid\app\build.gradle
876,..\Repos\Repos\xiprox_WaniKani-for-Android\WaniKani\build.gradle
877,..\Repos\Repos\xiprox_WaniKani-for-Android\WaniKani\build.gradle
878,..\Repos\Repos\zamojski_TowerCollector\app\build.gradle
879,..\Repos\Repos\zamojski_TowerCollector\app\build.gradle
